<?xml version="1.0" encoding="UTF-8"?>
<project-private xmlns="http://www.netbeans.org/ns/project-private/1">
    <editor-bookmarks xmlns="http://www.netbeans.org/ns/editor-bookmarks/2" lastBookmarkId="0"/>
    <open-files xmlns="http://www.netbeans.org/ns/projectui-open-files/2">
        <group>
            <file>file:/C:/Users/lucas/OneDrive/Documentos/FATEC/Pupo/Projeto03-master/Projeto03-master/web/home.jsp</file>
            <file>file:/C:/Users/lucas/OneDrive/Documentos/FATEC/Pupo/Projeto03-master/Projeto03-master/web/clientes.jsp</file>
        </group>
    </open-files>
</project-private>
